date,open,high,low,close,volume,ups_and_downs,quote_change
2019/8/2,10641.28,10641.28,10524.68,10549.04,15993913,-182.71,-1.7
2019/8/5,10528.87,10542.49,10418.25,10423.41,12939081,-125.63,-1.19
2019/8/6,10304.88,10425.6,10180.04,10394.75,14603802,-28.66,-0.27
2019/8/7,10422.89,10461.37,10366.54,10386.18,12176561,-8.57,-0.08
2019/8/8,10383.62,10500.77,10383.62,10494.49,12408182,108.31,1.04
2019/8/12,10491.79,10514.05,10440.77,10472.36,12668573,-22.13,-0.21
2019/8/13,10436.62,10436.62,10361.89,10362.66,11935751,-109.7,-1.05
2019/8/14,10444.5,10518.02,10427.73,10427.73,14615294,65.07,0.63
2019/8/15,10374.75,10374.75,10287.76,10327.13,12313299,-100.6,-0.96
2019/8/16,10345.42,10456.32,10318.37,10420.89,12004834,93.76,0.91
2019/8/19,10449.39,10516.05,10449.39,10488.75,12047692,67.86,0.65
2019/8/20,10508.42,10538.12,10497.13,10522.5,12149179,33.75,0.32
2019/8/21,10526.87,10545.25,10504.49,10525.8,11108042,3.3,0.03
2019/8/22,10560.01,10596.41,10515.72,10529.78,12327136,3.98,0.04
2019/8/23,10526.15,10541.73,10503.07,10538.11,11000755,8.33,0.08
2019/8/26,10453.4,10453.4,10340.15,10354.57,11704958,-183.54,-1.74
2019/8/27,10386.21,10431.78,10368.96,10387.23,12369115,32.66,0.32
2019/8/28,10397.6,10456.3,10397.6,10434.29,10209271,47.06,0.45
2019/8/29,10440.15,10466.99,10406.49,10462.43,10424870,28.14,0.27
2019/8/30,10504.28,10618.05,10504.28,10618.05,14821731,155.62,1.49
2019/9/2,10613.19,10634.85,10589.42,10634.85,10584876,16.8,0.16
2019/9/3,10629.22,10650.15,10557.03,10558.21,10557663,-76.64,-0.72
2019/9/4,10566.32,10670.43,10566.32,10657.31,10709349,99.1,0.94
2019/9/5,10718.4,10766.6,10714.27,10756.93,15466207,99.62,0.93
2019/9/6,10783.46,10803.07,10753.45,10780.64,13130711,23.71,0.22
2019/9/9,10808.68,10829.44,10778.15,10801.14,11673323,20.5,0.19
2019/9/10,10791.95,10810.03,10732.78,10753.58,12133814,-47.56,-0.44
2019/9/11,10787.65,10815.59,10746.87,10790.35,11993791,36.77,0.34
2019/9/12,10830.25,10862.68,10804.02,10827.55,12087260,37.2,0.34
2019/9/16,10822.69,10898.13,10822.69,10898.13,11957647,70.58,0.65
2019/9/17,10908.85,10912.23,10866.43,10874.5,11754661,-23.63,-0.22
2019/9/18,10887.42,10971.54,10878.34,10929.45,13046524,54.95,0.51
2019/9/19,10947.62,10954.18,10874.66,10894.7,11467110,-34.75,-0.32
2019/9/20,10908.1,10931.76,10903.45,10929.69,14797956,34.99,0.32
2019/9/23,10924.81,10948.19,10905.92,10919.02,10684112,-10.67,-0.1
2019/9/24,10917.44,10947.53,10886.62,10918.01,10970778,-1.01,-0.01
2019/9/25,10885.67,10885.67,10825.85,10873.69,10625930,-44.32,-0.41
2019/9/26,10909.57,10934.91,10856.96,10871.99,11601896,-1.7,-0.02
2019/9/27,10904,10921.17,10827.61,10829.68,12477159,-42.31,-0.39
2019/10/1,10855.6,10967.65,10855.6,10967.65,14984884,137.97,1.27
2019/10/2,10945.92,10965.2,10927.39,10947.88,11695088,-19.77,-0.18
2019/10/3,10866.5,10888.4,10809.28,10875.91,12171604,-71.97,-0.66
2019/10/4,10907.69,10941.49,10854.12,10894.48,12356512,18.57,0.17
2019/10/7,10932.24,10954.45,10919.43,10935.06,11438543,40.58,0.37
2019/10/8,10986.01,11020.51,10986.01,11017.31,13101953,82.25,0.75
2019/10/9,10976.93,10989.39,10889.96,10889.96,13046489,-127.35,-1.16
2019/10/14,11004.74,11085.49,11004.74,11066.95,16270015,176.99,1.63
2019/10/15,11103.5,11126.45,11091.29,11111.8,13760434,44.85,0.41
2019/10/16,11166.17,11180.11,11113.18,11162.83,14804748,51.03,0.46
2019/10/17,11156.14,11186.88,11131.45,11186.88,12369660,24.05,0.22
2019/10/18,11190.21,11237.38,11154.86,11180.22,14637263,-6.66,-0.06
2019/10/21,11166.24,11188.13,11147.86,11184.15,10320848,3.93,0.04
2019/10/22,11221.19,11271.25,11218.25,11271.25,12744219,87.1,0.78
2019/10/23,11266.18,11281.12,11209.1,11239.67,14082762,-31.58,-0.28
2019/10/24,11266.84,11320.14,11254.59,11320.14,14334106,80.47,0.72
2019/10/25,11336.64,11347.18,11281.37,11296.12,13044229,-24.02,-0.21
2019/10/28,11321.99,11341.03,11295.44,11315.02,11756212,18.9,0.17
2019/10/29,11347.39,11373.95,11292.83,11333.87,14674384,18.85,0.17
2019/10/30,11336.97,11380.28,11306.95,11380.28,12515694,46.41,0.41
2019/10/31,11393.68,11428.42,11358.71,11358.71,15607943,-21.57,-0.19
2019/11/1,11373.7,11399.53,11335.51,11399.53,13745638,40.82,0.36
2019/11/4,11451.72,11559.07,11451.72,11556.85,15849507,157.32,1.38
2019/11/5,11576.18,11644.03,11576.18,11644.03,15621927,87.18,0.75
2019/11/6,11645.08,11668.2,11601.7,11653.07,16115902,9.04,0.08
2019/11/7,11642.91,11647.47,11552.08,11606.56,14164826,-46.51,-0.4
2019/11/8,11620.89,11642.41,11561.31,11579.54,14159337,-27.02,-0.23
2019/11/11,11570.33,11570.33,11409.83,11427.28,15390968,-152.26,-1.31
2019/11/12,11463.33,11520.37,11459.68,11520.37,11956260,93.09,0.81
2019/11/13,11483.24,11509.37,11439.09,11467.83,11667743,-52.54,-0.46
2019/11/14,11488.74,11498.25,11424.77,11450.42,13221349,-17.41,-0.15
2019/11/15,11485.46,11552.25,11485.46,11525.6,13194467,75.18,0.66
2019/11/18,11543.8,11599.78,11532.97,11599.78,10986616,74.18,0.64
2019/11/19,11608.48,11656.4,11576.79,11656.4,12362100,56.62,0.49
2019/11/20,11645.73,11649.07,11591.73,11631.2,11827353,-25.2,-0.22
2019/11/21,11573.84,11573.84,11478.43,11558.27,12187324,-72.93,-0.63
2019/11/22,11556.75,11577.02,11534.15,11566.8,10945715,8.53,0.07
2019/11/25,11590.81,11604.75,11559.33,11561.58,11353259,-5.22,-0.05
2019/11/26,11608.37,11642.96,11576.82,11576.82,20196755,15.24,0.13
2019/11/27,11590.81,11651.73,11590.81,11647.46,10992747,70.64,0.61
2019/11/28,11641.7,11654.06,11604.68,11617.08,10627134,-30.38,-0.26
2019/11/29,11616.88,11623.59,11485.16,11489.57,12143233,-127.51,-1.1
2019/12/2,11509.94,11524.85,11454.38,11502.83,11488179,13.26,0.12
2019/12/3,11473.32,11531.58,11460.06,11531.58,10977976,28.75,0.25
2019/12/4,11511.82,11513.83,11457.43,11510.47,10949339,-21.11,-0.18
2019/12/5,11546.75,11604.39,11546.75,11594.65,12513139,84.18,0.73
2019/12/6,11639.8,11657.65,11577.83,11609.64,11257417,14.99,0.13
2019/12/9,11635.47,11678.36,11631.03,11660.77,12378736,51.13,0.44
2019/12/10,11647.78,11649.73,11607.26,11627.84,10548753,-32.93,-0.28
2019/12/11,11635.07,11700.77,11622.58,11700.77,12899434,72.93,0.63
2019/12/12,11766.98,11875.98,11766.98,11836.42,15440716,135.65,1.16
2019/12/13,11937.9,11990.78,11913.02,11927.73,17318630,91.31,0.77
2019/12/16,11915.61,11975.73,11915.61,11939.77,14484898,12.04,0.1
2019/12/17,11939.62,12097.01,11939.62,12097.01,15657287,157.24,1.32
2019/12/18,12061.1,12125.9,12059.92,12122.45,15063012,25.44,0.21
2019/12/19,12082.98,12111.77,12008.16,12018.9,13775949,-103.55,-0.85
2019/12/20,12001.56,12028.22,11937.45,11959.08,17059506,-59.82,-0.5
2019/12/23,11969.14,12022.23,11960.21,12022.23,11431088,63.15,0.53
2019/12/24,12023.79,12027.6,11976.38,11976.38,10413265,-45.85,-0.38
2019/12/25,11978.94,12032.37,11973.95,12008.13,9122287,31.75,0.27
2019/12/26,12018.38,12030.66,11982.64,12001.01,10079390,-7.12,-0.06
2019/12/27,12032.72,12093.02,12032.72,12091.59,10905959,90.58,0.75
2019/12/30,12094.81,12114.89,12046.22,12053.37,12554390,-38.22,-0.32
2019/12/31,12019.19,12047.75,11997.14,11997.14,11803704,-56.23,-0.47
2020/1/2,12026.5,12110.74,12026.23,12100.48,14271455,103.34,0.86
2020/1/3,12167.44,12197.64,12023.6,12110.43,19375968,9.95,0.08
2020/1/6,12035.71,12040.08,11953.36,11953.36,14430404,-157.07,-1.3
2020/1/7,11961.97,11986.03,11822.4,11880.32,16642071,-73.04,-0.61
2020/1/8,11818.76,11899.67,11777.45,11817.1,15067944,-63.22,-0.53
2020/1/9,11889.46,11992.55,11889.46,11970.63,13425981,153.53,1.3
2020/1/10,12009.27,12038.21,11959.06,12024.65,12893600,54.02,0.45
2020/1/13,12069.61,12113.42,12037.24,12113.42,14348857,88.77,0.74
2020/1/14,12161.73,12186.62,12140.27,12179.81,15416438,66.39,0.55
2020/1/15,12169.92,12169.92,12048.01,12091.88,15255925,-87.93,-0.72
2020/1/16,12006.08,12075.54,12006.08,12066.93,14120344,-24.95,-0.21
2020/1/17,12080.72,12117.55,12055.91,12090.29,13419543,23.36,0.19
2020/1/20,12107.56,12151.42,12101.55,12118.71,11619893,28.42,0.24
2020/1/30,11933.23,11933.23,11418.22,11421.74,27763129,-696.97,-5.75
2020/1/31,11494.03,11594.21,11436.95,11495.1,17669448,73.36,0.64
2020/2/3,11365.9,11365.9,11138.03,11354.92,18449219,-140.18,-1.22
2020/2/4,11399.46,11581.36,11393.03,11555.92,16172767,201,1.77
2020/2/5,11601.55,11620.42,11512.71,11573.62,15815623,17.7,0.15
2020/2/6,11605.11,11749.68,11605.11,11749.68,14467856,176.06,1.52
2020/2/7,11712.71,11712.71,11592.09,11612.81,12988368,-136.87,-1.16
2020/2/10,11514.72,11598.03,11423.34,11574.07,13200286,-38.74,-0.33
2020/2/11,11614.25,11678.58,11614.25,11664.04,12319547,89.97,0.78
2020/2/12,11693.4,11801.52,11693.4,11774.19,15044244,110.15,0.94
2020/2/13,11813.5,11854.98,11784.94,11791.78,14106631,17.59,0.15
2020/2/14,11806.52,11840.79,11788.87,11815.7,11309728,23.92,0.2
2020/2/17,11770.3,11775.56,11724.82,11763.51,11603022,-52.19,-0.44
2020/2/18,11700.91,11717.1,11642.95,11648.98,14130667,-114.53,-0.97
2020/2/19,11655.37,11783.43,11654.16,11758.84,14174997,109.86,0.94
2020/2/20,11785.78,11827.83,11714.15,11725.09,13531432,-33.75,-0.29
2020/2/21,11721.16,11755.17,11661.63,11686.35,12494530,-38.74,-0.33
2020/2/24,11615.28,11615.28,11512.08,11534.87,14029722,-151.48,-1.3
2020/2/25,11506.74,11567.09,11415.47,11540.23,15548733,5.36,0.05
2020/2/26,11468.6,11494.22,11408.06,11433.62,17707702,-106.61,-0.92
2020/2/27,11436.96,11470.23,11274.52,11292.17,20345978,-141.45,-1.24
2020/3/2,11184.66,11282.05,11049.85,11170.46,20320689,-121.71,-1.08
2020/3/3,11279.86,11390.24,11279.86,11327.72,16501897,157.26,1.41
2020/3/4,11368.25,11392.35,11297.81,11392.35,14073526,64.63,0.57
2020/3/5,11454.65,11525.32,11454.65,11514.82,14595794,122.47,1.08
2020/3/6,11471.36,11471.36,11310.32,11321.81,15147831,-193.01,-1.68
2020/3/9,11221.76,11221.76,10977.64,10977.64,23267077,-344.17,-3.04
2020/3/10,10907.62,11032.47,10830.22,11003.54,20775382,25.9,0.24
2020/3/11,11022.82,11088.23,10885.91,10893.75,17765819,-109.79,-1
2020/3/12,10845.39,10845.39,10359.67,10422.32,27117054,-471.43,-4.33
2020/3/13,10091.03,10171.2,9636.15,10128.87,30365158,-293.45,-2.82
2020/3/16,10069.42,10130.8,9717.77,9717.77,21116070,-411.1,-4.06
2020/3/17,9538.64,9677.07,9371.35,9439.63,23796902,-278.14,-2.86
2020/3/18,9453.98,9509.61,9218.67,9218.67,21230469,-220.96,-2.34
2020/3/19,9085.28,9085.28,8523.63,8681.34,27117921,-537.33,-5.83
2020/3/20,8816.86,9264.42,8816.86,9234.09,23707388,552.75,6.37
2020/3/23,9025.55,9029.52,8750.14,8890.03,15405171,-344.06,-3.73
2020/3/24,9083.78,9415.64,9083.78,9285.62,15489263,395.59,4.45
2020/3/25,9426.43,9722.37,9426.43,9644.75,18458585,359.13,3.87
2020/3/26,9667.14,9739.73,9565.02,9736.36,15423450,91.61,0.95
2020/3/27,9807.9,9954.86,9691.14,9698.92,18169358,-37.44,-0.38
2020/3/30,9571.22,9655.7,9415.52,9629.43,12851484,-69.49,-0.72
2020/3/31,9689.62,9789.81,9630.3,9708.06,14716829,78.63,0.82
2020/4/1,9726.2,9736,9663.63,9663.63,12054251,-44.43,-0.46
2020/4/6,9707.75,9818.74,9651.52,9818.74,15319381,155.11,1.61
2020/4/7,9928.16,10039.15,9928.16,9996.39,17415636,177.65,1.81
2020/4/8,10010.64,10149.76,9984.66,10137.47,17068552,141.08,1.41
2020/4/9,10173.26,10246.84,10092.36,10119.43,16533816,-18.04,-0.18
2020/4/10,10105.43,10165.12,10103.77,10157.61,12233710,38.18,0.38
2020/4/13,10147.56,10179.4,10080.65,10099.22,11892433,-58.39,-0.57
2020/4/14,10130.65,10344.13,10130.65,10332.94,15801467,233.72,2.31
2020/4/15,10366.77,10461.84,10366.77,10447.21,19491455,114.27,1.11
2020/4/16,10385.78,10425.29,10317.13,10375.48,15766548,-71.73,-0.69
2020/4/17,10554.55,10710.15,10552.58,10597.04,23322493,221.56,2.14
2020/4/20,10612.45,10637.64,10542.96,10586.71,13653662,-10.33,-0.1
2020/4/21,10544.8,10544.8,10278.95,10288.42,18480196,-298.29,-2.82
2020/4/22,10256.11,10310.85,10140.09,10307.74,15340317,19.32,0.19
2020/4/23,10370.13,10462.7,10294.88,10366.51,15598940,58.77,0.57
2020/4/24,10367.97,10386.93,10324.2,10347.36,12635998,-19.15,-0.18
2020/4/27,10407.49,10578.96,10407.49,10567.27,17879833,219.91,2.13
2020/4/28,10580.25,10620.52,10537.71,10616.06,18348772,48.79,0.46
2020/4/29,10656.4,10794.83,10656.4,10772.22,19442460,156.16,1.47
2020/4/30,10826.26,11012.78,10826.26,10992.14,23177112,219.92,2.04
2020/5/4,10781.51,10781.51,10658.5,10720.48,19109073,-271.66,-2.47
2020/5/5,10756.95,10833.53,10735.01,10774.61,17930276,54.13,0.5
2020/5/6,10771.09,10828.73,10708.1,10774.98,18266885,0.37,0
2020/5/7,10778.53,10890.87,10775.16,10842.92,16867776,67.94,0.63
2020/5/8,10883.22,10970.7,10883.22,10901.42,18783043,58.5,0.54
2020/5/11,10942.18,11039.11,10942.18,11013.26,16983128,111.84,1.03
2020/5/12,10974.51,10974.51,10854.51,10879.47,17443756,-133.79,-1.21
2020/5/13,10861.01,10938.27,10828.93,10938.27,16820461,58.8,0.54
2020/5/14,10894.17,10894.17,10777.46,10780.88,18810384,-157.39,-1.44
2020/5/15,10833.16,10904.01,10730.55,10814.92,17642939,34.04,0.32
2020/5/18,10753.21,10812.87,10730.7,10740.55,19517062,-74.37,-0.69
2020/5/19,10812.79,10924.79,10812.79,10860.44,18928276,119.89,1.12
2020/5/20,10892.76,10933.98,10860.15,10907.8,17253782,47.36,0.44
2020/5/21,10933.21,11021.66,10933.21,11008.31,17221805,100.51,0.92
2020/5/22,10977.55,10977.55,10804.56,10811.15,17839937,-197.16,-1.79
2020/5/25,10812.94,10874.54,10719.25,10871.18,14879299,60.03,0.56
2020/5/26,10903.32,11046.22,10903.32,10997.21,18241646,126.03,1.16
2020/5/27,11023.93,11069.72,10972.25,11014.66,15794424,17.45,0.16
2020/5/28,11040.62,11087.53,10915.3,10944.19,17308468,-70.47,-0.64
2020/5/29,10921.16,10965.03,10861.9,10942.16,21560391,-2.03,-0.02
2020/6/1,10971.4,11109.29,10971.4,11079.02,16956374,136.86,1.25
2020/6/2,11109.27,11170.49,11102.97,11127.93,18240927,48.91,0.44
2020/6/3,11182.52,11330.52,11182.52,11320.16,21459499,192.23,1.73
2020/6/4,11373.94,11425.42,11341.58,11393.23,20365576,73.07,0.65
2020/6/5,11418.01,11482.36,11411.94,11479.4,18115637,86.17,0.76
2020/6/8,11539,11631.89,11528.44,11610.32,20448347,130.92,1.14
2020/6/9,11600.61,11640.45,11537.38,11637.11,17555199,26.79,0.23
2020/6/10,11635.99,11740.9,11621.02,11720.16,19195693,83.05,0.71
2020/6/11,11738.49,11771.12,11516.59,11535.77,24109573,-184.39,-1.57
2020/6/12,11406.54,11442.3,11244.64,11429.94,19849067,-105.83,-0.92
2020/6/15,11436.28,11469.84,11299.45,11306.26,17840362,-123.68,-1.08
2020/6/16,11380.67,11542.25,11380.67,11511.64,18311189,205.38,1.82
2020/6/17,11525.5,11550.32,11482.32,11534.59,17568996,22.95,0.2
2020/6/18,11534.2,11567.42,11485.39,11548.33,18590644,13.74,0.12
2020/6/19,11557.27,11584.88,11542.37,11549.86,25238161,1.53,0.01
2020/6/22,11553.91,11632.88,11553.91,11572.93,18348162,23.07,0.2
2020/6/23,11618.42,11679.4,11530.85,11612.36,20650697,39.43,0.34
2020/6/24,11647.86,11701.23,11637.79,11660.67,20329393,48.31,0.42
2020/6/29,11608.8,11608.8,11500.65,11542.62,20932535,-118.05,-1.01
2020/6/30,11563.6,11638,11563.6,11621.24,19656007,78.62,0.68
2020/7/1,11622.64,11736.39,11622.64,11703.42,19305625,82.18,0.71
2020/7/2,11694.1,11805.21,11690.95,11805.14,19130988,101.72,0.87
2020/7/3,11857.9,11933.59,11857.9,11909.16,21887974,104.02,0.88
2020/7/6,11941.84,12116.7,11941.84,12116.7,25207946,207.54,1.74
2020/7/7,12176.79,12249.95,12028.57,12092.97,27750654,-23.73,-0.2
2020/7/8,12086.13,12190.27,12083.84,12170.19,24267639,77.22,0.64
2020/7/9,12222.9,12273.43,12181.34,12192.69,25272757,22.5,0.18
2020/7/10,12250.44,12253.58,12030.2,12073.68,26102049,-119.01,-0.98
2020/7/13,12109.61,12216.24,12109.61,12211.56,21113205,137.88,1.14
2020/7/14,12202.89,12228.31,12143.91,12209.01,20536988,-2.55,-0.02
2020/7/15,12233.99,12320.48,12162.52,12202.85,24042729,-6.16,-0.05
2020/7/16,12173.04,12220.93,12107.04,12157.74,19961927,-45.11,-0.37
2020/7/17,12195.72,12266.93,12144.62,12181.56,20027106,23.82,0.2
2020/7/20,12205.25,12221.33,12065.8,12174.54,17643935,-7.02,-0.06
2020/7/21,12242.32,12450.16,12242.32,12397.55,22562341,223.01,1.83
2020/7/22,12389.76,12486.95,12389.4,12473.27,22625657,75.72,0.61
2020/7/23,12423.02,12429.76,12347.86,12413.04,22815020,-60.23,-0.48
2020/7/24,12467.43,12502.84,12266.55,12304.04,26842348,-109,-0.88
2020/7/27,12618.69,12686.36,12586.91,12588.3,25661220,284.26,2.31
2020/7/28,12951.72,13031.7,12533.19,12586.73,34892281,-1.57,-0.01
2020/7/29,12530.74,12660.87,12488.01,12540.97,22122051,-45.76,-0.36
2020/7/30,12691.86,12769.47,12616.83,12722.92,21570748,181.95,1.45
2020/7/31,12653.46,12733.48,12635.71,12664.8,21043613,-58.12,-0.46
2020/8/3,12642.73,12673.02,12506.59,12513.03,23330500,-151.77,-1.2
2020/8/4,12577.88,12709.92,12577.88,12709.92,21356321,196.89,1.57
2020/8/5,12762.34,12816.39,12739.99,12802.3,24082438,92.38,0.73
2020/8/6,12894.24,12971.87,12851.2,12913.5,26209261,111.2,0.87
2020/8/7,12901.43,12912.63,12791.18,12828.87,24019655,-84.63,-0.66
2020/8/10,12786.8,12933.16,12786.8,12894,21632215,65.13,0.51
2020/8/11,12856.46,12906.01,12780.19,12780.19,20666780,-113.81,-0.88
2020/8/12,12713.63,12730.96,12625.54,12670.35,21894901,-109.84,-0.86
2020/8/13,12758.87,12812.8,12717.13,12763.13,23949317,92.78,0.73
2020/8/14,12709.97,12801.31,12679.19,12795.46,21458597,32.33,0.25
2020/8/17,12813.94,12956.11,12800.69,12956.11,22285866,160.65,1.26
2020/8/18,12974.96,12981.58,12840.25,12872.14,25045142,-83.97,-0.65
2020/8/19,12904.84,12950.11,12778.64,12778.64,25558445,-93.5,-0.73
2020/8/20,12764.75,12764.75,12144.76,12362.64,35246683,-416,-3.26
2020/8/21,12462.52,12638.65,12462.52,12607.84,22638228,245.2,1.98
2020/8/24,12629.78,12702.94,12567.95,12647.13,20594656,39.29,0.31
2020/8/25,12706.4,12814.56,12698.85,12758.25,19960820,111.12,0.88
2020/8/26,12768.96,12833.29,12734.69,12833.29,18017153,75.04,0.59
2020/8/27,12888.65,12960.68,12786.45,12797.31,21915108,-35.98,-0.28
2020/8/28,12759.3,12799.16,12674.57,12728.85,20965411,-68.46,-0.53
2020/8/31,12763.44,12831.38,12591.45,12591.45,25160394,-137.4,-1.08
2020/9/1,12617.39,12703.28,12565.83,12703.28,23068954,111.83,0.89
2020/9/2,12772.43,12802.61,12646.47,12699.5,21237271,-3.78,-0.03
2020/9/3,12774.97,12857.79,12732.32,12757.97,23840594,58.47,0.46
2020/9/4,12645.92,12655.67,12559.78,12637.95,23417018,-120.02,-0.94
2020/9/7,12645.93,12725.05,12575.36,12601.4,22820831,-36.55,-0.29
2020/9/8,12637.42,12702.55,12614.72,12663.56,20587658,62.16,0.49
2020/9/9,12592.18,12616.57,12480.5,12608.58,21016473,-54.98,-0.43
2020/9/10,12665.74,12708.64,12650.4,12691.75,19982483,83.17,0.66
2020/9/11,12697.46,12701.79,12616.68,12675.95,19192650,-15.8,-0.12
2020/9/14,12680.41,12793.07,12680.41,12787.82,18001754,111.87,0.88
2020/9/15,12787.42,12857.73,12773.23,12845.65,18889378,57.83,0.45
2020/9/16,12989.81,13021.68,12948.72,12976.76,21053875,131.11,1.02
2020/9/17,12920.15,12972.52,12851.52,12872.74,18951357,-104.02,-0.8
2020/9/18,12858.6,12927.81,12841.09,12875.62,20519375,2.88,0.02
2020/9/21,12874.61,12952.31,12795.09,12795.12,17536740,-80.5,-0.63
2020/9/22,12786.91,12786.91,12632.74,12645.51,17426480,-149.61,-1.17
2020/9/23,12656.3,12700.89,12548.07,12583.88,17552610,-61.63,-0.49
2020/9/24,12487.48,12487.48,12264.38,12264.38,24593688,-319.5,-2.54
2020/9/25,12312.94,12385.81,12149.81,12232.91,21226914,-31.47,-0.26
2020/9/28,12282.36,12462.76,12282.36,12462.76,15601785,229.85,1.88
2020/9/29,12488.1,12571.34,12429.72,12467.73,16736557,4.97,0.04
2020/9/30,12483.65,12568.68,12466.58,12515.61,13872645,47.88,0.38
2020/10/5,12567.88,12637.62,12519.12,12548.28,14912190,32.67,0.26
2020/10/6,12644.09,12706.39,12644.09,12704.23,16585479,155.95,1.24
2020/10/7,12667.51,12774.36,12619.81,12746.37,16499722,42.14,0.33
2020/10/8,12832.54,12887.19,12818.01,12887.19,21110932,140.82,1.1
2020/10/12,12959.15,12997.79,12898.89,12955.91,23257252,68.72,0.53
2020/10/13,12988.44,12994.66,12857.1,12947.13,19097308,-8.78,-0.07
2020/10/14,12927.09,12960,12895.79,12919.31,20070323,-27.82,-0.21
2020/10/15,12892.29,12909.11,12786.26,12827.82,18230841,-91.49,-0.71
2020/10/16,12814.16,12896.3,12750.37,12750.37,18744450,-77.45,-0.6
2020/10/19,12803.32,12911.41,12803.32,12908.34,16510569,157.97,1.24
2020/10/20,12889.99,12917.75,12862.37,12862.37,14819815,-45.97,-0.36
2020/10/21,12889.88,12942.12,12846.42,12877.25,17007982,14.88,0.12
2020/10/22,12854.97,12917.03,12827.4,12917.03,17534602,39.78,0.31
2020/10/23,12945.12,12963.26,12875.23,12898.82,15262519,-18.21,-0.14
2020/10/26,12923.55,12971.58,12894.18,12909.03,16488733,10.21,0.08
2020/10/27,12867.77,12884.32,12821.07,12875.01,17109078,-34.02,-0.26
2020/10/28,12853.76,12879.98,12761.33,12793.75,17839323,-81.26,-0.63
2020/10/29,12687.64,12699.82,12583.37,12662.91,18918131,-130.84,-1.02
2020/10/30,12651.35,12656.29,12546.34,12546.34,19992127,-116.57,-0.92
2020/11/2,12565.32,12594.34,12480.66,12591.31,16640272,44.97,0.36
2020/11/3,12641.28,12760.14,12641.28,12736.01,16803775,144.7,1.15
2020/11/4,12766.86,12885.28,12736.02,12867.9,19363558,131.89,1.04
2020/11/5,12878.01,12918.8,12840.4,12918.8,17632465,50.9,0.4
2020/11/6,12952.49,12999.16,12927.3,12973.53,18520504,54.73,0.42
2020/11/9,13053.98,13149.9,13048.67,13127.47,22324357,153.94,1.19
2020/11/10,13090.65,13142.22,13022.92,13081.72,25158235,-45.75,-0.35
2020/11/11,13067.04,13262.19,13067.04,13262.19,24318768,180.47,1.38
2020/11/12,13324.86,13324.86,13193.74,13221.78,22631327,-40.41,-0.3
2020/11/13,13221.8,13273.33,13170.12,13273.33,18109625,51.55,0.39
2020/11/16,13356.74,13551.83,13356.74,13551.83,23713462,278.5,2.1
2020/11/17,13723.77,13780.12,13593.01,13593.01,23948270,41.18,0.3
2020/11/18,13628.42,13773.29,13608.72,13773.29,23458031,180.28,1.33
2020/11/19,13775.26,13785.92,13700.04,13722.43,20977515,-50.86,-0.37
2020/11/20,13702.59,13726.22,13666.07,13716.44,22119519,-5.99,-0.04
2020/11/23,13793.55,13921.16,13793.55,13878.01,23925600,161.57,1.18
2020/11/24,13918.84,13951.17,13798.32,13807.13,26672341,-70.88,-0.51
2020/11/25,13860.95,13893.2,13731.81,13738.83,26361200,-68.3,-0.49
2020/11/26,13763.79,13856.76,13763.79,13845.66,22149438,106.83,0.78
2020/11/27,13833.21,13885.01,13811.81,13867.09,24085842,21.43,0.15
2020/11/30,13917.65,13969.39,13722.89,13722.89,40968646,-144.2,-1.04
2020/12/1,13810.55,13885.67,13749.71,13885.67,26139108,162.78,1.19
2020/12/2,13970.51,13995.7,13894.7,13989.14,29021221,103.47,0.75
2020/12/3,13988.49,14049.58,13940.07,13977.09,27057174,-12.05,-0.09
2020/12/4,14010.17,14149.56,14010.17,14132.44,29063090,155.35,1.11
2020/12/7,14230,14306.87,14142.02,14256.6,33539008,124.16,0.88
2020/12/8,14251.94,14367,14184.58,14360.4,28263183,103.8,0.73
2020/12/9,14336.69,14427.41,14336.69,14390.14,31157207,29.74,0.21
2020/12/10,14295.15,14319.38,14191.85,14249.49,30751044,-140.65,-0.98
2020/12/11,14298.59,14353.17,14081.42,14261.69,32355854,12.2,0.09
2020/12/14,14238.92,14270.34,14182.25,14211.05,23522316,-50.64,-0.36
2020/12/15,14206.33,14256.55,14053.35,14068.52,27769980,-142.53,-1
2020/12/16,14145.24,14339.5,14145.24,14304.46,25246300,235.94,1.68
2020/12/17,14326.16,14338.4,14213.49,14258.93,23006095,-45.53,-0.32
2020/12/18,14268.13,14329.12,14245.6,14249.96,24930415,-8.97,-0.06
2020/12/21,14273.79,14384.96,14166.89,14384.96,25932846,135,0.95
2020/12/22,14348.11,14411.93,14175.69,14177.46,29210635,-207.5,-1.44
2020/12/23,14180.7,14247.79,14134.87,14223.09,22144281,45.63,0.32
2020/12/24,14256.29,14324.42,14256.29,14280.28,22412861,57.19,0.4
2020/12/25,14306.98,14400.83,14296.97,14331.42,21408871,51.14,0.36
2020/12/28,14363.45,14483.07,14363.45,14483.07,25219870,151.65,1.06
2020/12/29,14500.91,14547.07,14435.03,14472.05,28798441,-11.02,-0.08
2020/12/30,14485.97,14695.44,14476.69,14687.7,26372347,215.65,1.49
2020/12/31,14704.53,14760.06,14646.33,14732.53,26068222,44.83,0.31
2021/1/4,14720.25,14937.13,14720.25,14902.03,34954826,169.5,1.15
2021/1/5,14913.64,15000.03,14861.99,15000.03,35008892,98,0.66
2021/1/6,15145.85,15197.68,14837,14983.13,43865627,-16.9,-0.11
2021/1/7,15059.52,15270.4,15049.86,15214,34242640,230.87,1.54
2021/1/8,15365.13,15463.95,15275.38,15463.95,40084478,249.95,1.64
2021/1/11,15425.58,15557.3,15395.73,15557.3,32977488,93.35,0.6
2021/1/12,15549.53,15642.03,15421.23,15500.7,37438145,-56.6,-0.36
2021/1/13,15550.16,15778.52,15550.16,15769.98,37996568,269.28,1.74
2021/1/14,15651.2,15760.15,15620.96,15707.19,40205990,-62.79,-0.4
2021/1/15,15987.16,16041.59,15615.11,15616.39,44357526,-90.8,-0.58
2021/1/18,15676.45,15676.45,15320.97,15612,31881053,-4.39,-0.03
2021/1/19,15716.64,15928.14,15716.64,15877.37,32232235,265.37,1.7
2021/1/20,15934.85,16004.32,15745.48,15806.18,42867927,-71.19,-0.45
2021/1/21,15775.73,16238.46,15775.73,16153.77,36355031,347.59,2.2
2021/1/22,15984.89,16138.04,15973.02,16019.03,41342987,-134.74,-0.83
2021/1/25,16006.21,16014.96,15772.63,15946.54,35882928,-72.49,-0.45
2021/1/26,15955.16,16023.87,15589.21,15658.85,36583251,-287.69,-1.8
2021/1/27,15711.76,15837.47,15642.12,15701.45,31138755,42.6,0.27
2021/1/28,15519.85,15557.02,15367.45,15415.88,36888407,-285.57,-1.82
2021/1/29,15544.36,15603.41,15138.31,15138.31,36293817,-277.57,-1.8
2021/2/1,15176.56,15429.98,15089.96,15410.09,27768521,271.78,1.8
2021/2/2,15546.69,15838.15,15546.69,15760.05,31178726,349.96,2.27
2021/2/3,15828.64,15896.4,15741.16,15771.32,29389165,11.27,0.07
2021/2/4,15697.75,15801.37,15606.74,15706.22,25629657,-65.1,-0.41
2021/2/5,15805.76,15938.09,15774.34,15802.4,28696408,96.18,0.61
2021/2/17,16197.45,16406.78,16197.45,16362.29,42307987,559.89,3.54
2021/2/18,16366.23,16517.73,16323.22,16424.51,36899897,62.22,0.38
2021/2/19,16376.91,16382.7,16211.25,16341.38,35314050,-83.13,-0.51
2021/2/22,16445.87,16579.17,16410.16,16410.16,35771524,68.78,0.42
2021/2/23,16320.88,16467.75,16211.75,16443.4,37330182,33.24,0.2
2021/2/24,16329.54,16456.94,16212.53,16212.53,40308981,-230.87,-1.4
2021/2/25,16376.8,16474.05,16322.27,16452.18,35568137,239.65,1.48
2021/2/26,16190.04,16190.04,15953.8,15953.8,45293554,-498.38,-3.03
2021/3/2,16127.87,16262.91,15946.88,15946.88,34085302,-6.92,-0.04
2021/3/3,15992.32,16211.73,15884.55,16211.73,32011967,264.85,1.66
2021/3/4,16091.75,16091.75,15840.99,15906.41,33541716,-305.32,-1.88
2021/3/5,15759.58,15934.43,15636.43,15855.23,30955093,-51.18,-0.32
2021/3/8,15943.37,16074.97,15816.5,15820.11,29117809,-35.12,-0.22
2021/3/9,15715.07,15864.26,15657.92,15853.09,32845023,32.98,0.21
2021/3/10,15921.45,15986.07,15857.32,15911.67,26348986,58.58,0.37
2021/3/11,15947.21,16216.22,15947.21,16179.56,33005352,267.89,1.68
2021/3/12,16241.55,16298.03,16166.35,16255.18,30262411,75.62,0.47
2021/3/15,16256.58,16281.91,16194.91,16249.33,26789452,-5.85,-0.04
2021/3/16,16253.93,16340.66,16244.99,16313.16,29889911,63.83,0.39
2021/3/17,16312.98,16349.21,16166.35,16215.82,31683819,-97.34,-0.6
2021/3/18,16264.61,16410.02,16264.61,16287.84,32848402,72.02,0.44
2021/3/19,16186.46,16186.46,16022.17,16070.24,39719962,-217.6,-1.34
2021/3/22,16065.5,16235.63,15983.77,16189.22,33652252,118.98,0.74
2021/3/23,16250.2,16351.38,16166.29,16177.59,35290124,-11.63,-0.07
2021/3/24,15994.96,16125.54,15967.95,16032.12,32534058,-145.47,-0.9
2021/3/25,16010.54,16146.58,15944.96,16060.14,32464858,28.02,0.17
2021/3/26,16140.37,16325.62,16140.37,16305.88,30092186,245.74,1.53
2021/3/29,16411.67,16520.89,16411.67,16475.97,32872837,170.09,1.04
2021/3/30,16490.31,16556.19,16438.4,16554.9,31538851,78.93,0.48
2021/3/31,16529.23,16550.2,16427.2,16431.13,33953122,-123.77,-0.75
2021/4/1,16538.28,16602.47,16496.16,16571.28,32675707,140.15,0.85
2021/4/6,16711.79,16804.45,16711.79,16739.87,33991809,168.59,1.02
2021/4/7,16771.35,16816.34,16715.32,16815.36,34537260,75.49,0.45
2021/4/8,16786.56,16926.72,16735.78,16926.44,38975411,111.08,0.66
2021/4/9,16974.28,17016.13,16815.59,16854.1,44835649,-72.34,-0.43
2021/4/12,16908.55,16979.35,16793.54,16859.7,42822981,5.6,0.03
2021/4/13,16872.4,17041.37,16802.22,16824.91,47071637,-34.79,-0.21
2021/4/14,16869.78,16935.39,16559.57,16865.97,49095915,41.06,0.24
2021/4/15,16851.06,17076.73,16851.06,17076.73,36661818,210.76,1.25
2021/4/16,17028.35,17158.81,16998.91,17158.81,42972912,82.08,0.48
2021/4/19,17141.25,17294.15,17135.52,17263.28,45205028,104.47,0.61
2021/4/20,17231.58,17323.87,17175.02,17323.87,44505960,60.59,0.35
2021/4/21,17282.76,17282.76,17167.39,17202.11,44508232,-121.76,-0.7
2021/4/22,17302.73,17428.15,17066.17,17096.97,65238835,-105.14,-0.61
2021/4/23,17117.49,17300.27,17055.48,17300.27,45883689,203.3,1.19
2021/4/26,17378.36,17572.29,17378.36,17572.29,47330615,272.02,1.57
2021/4/27,17586.02,17630.19,17489.71,17595.9,50058918,23.61,0.13
2021/4/28,17610.72,17628.81,17497.74,17567.53,51115945,-28.37,-0.16
2021/4/29,17646.93,17709.23,17548.3,17566.66,54802057,-0.87,0
2021/5/3,17505.52,17546.94,17222.35,17222.35,59779488,-344.31,-1.96
2021/5/4,17249.56,17328.55,16647.61,16933.78,67230729,-288.57,-1.68
2021/5/5,16968.75,17052.2,16843.44,16843.44,46433658,-90.34,-0.53
2021/5/6,16925.52,17088.73,16764.71,16994.36,49595752,150.92,0.9
2021/5/7,17032.23,17285,17032.23,17285,45910726,290.64,1.71
2021/5/10,17274.23,17304.47,17188.15,17235.61,50139582,-49.39,-0.29
2021/5/11,17137.19,17137.19,16460.87,16583.13,72508581,-652.48,-3.79
2021/5/12,16515.88,16552.63,15165.27,15902.37,78282532,-680.76,-4.11
2021/5/13,15668.33,16031.93,15368.54,15670.1,57458362,-232.27,-1.46
2021/5/14,15819.24,16075.48,15702.1,15827.09,51617219,156.99,1
2021/5/17,15554.99,15719.74,15159.86,15353.89,48500551,-473.2,-2.99
2021/5/18,15564.96,16153.77,15564.96,16145.98,41468184,792.09,5.16
2021/5/19,16112.21,16273.98,16009.76,16132.66,44180077,-13.32,-0.08
2021/5/20,16122.52,16154.08,15943.45,16042.36,47751131,-90.3,-0.56
2021/5/21,16136.86,16431.14,16136.86,16302.06,43312661,259.7,1.62
2021/5/24,16246.52,16397.59,16136.97,16338.29,42797995,36.23,0.22
2021/5/25,16444.75,16657.6,16444.75,16595.67,53342008,257.38,1.58
2021/5/26,16645.17,16706.29,16523.23,16643.69,42974181,48.02,0.29
2021/5/27,16591.7,16601.61,16419.42,16601.61,54096204,-42.08,-0.25
2021/5/28,16690.04,16889.01,16690.04,16870.86,49768935,269.25,1.62
2021/5/31,16948.47,17113.33,16939.91,17068.43,54011655,197.57,1.17
2021/6/1,17098.49,17184.3,17060.45,17162.38,46534081,93.95,0.55
2021/6/2,17192.91,17274.66,17056.42,17165.04,54077354,2.66,0.02
2021/6/3,17201.3,17311.28,17198.89,17246.16,49325963,81.12,0.47
2021/6/4,17225.06,17225.06,17084.49,17147.41,44129673,-98.75,-0.57
2021/6/7,17176.09,17189.23,16775.85,17083.91,49271683,-63.5,-0.37
2021/6/8,17094.34,17181.52,17056.53,17076.21,35071916,-7.7,-0.05
2021/6/9,17082.52,17082.52,16907.43,16966.22,40242968,-109.99,-0.64
2021/6/10,17024.54,17159.22,16978.01,17159.22,41593222,193,1.14
2021/6/11,17200.45,17278.55,17193.61,17213.52,41162145,54.3,0.32
2021/6/15,17279.7,17371.29,17279.7,17371.29,43962407,157.77,0.92
2021/6/16,17357.37,17398.22,17275.02,17307.86,58086144,-63.43,-0.37
2021/6/17,17254.84,17390.61,17150.52,17390.61,44497942,82.75,0.48
2021/6/18,17384.74,17417.5,17318.54,17318.54,54588414,-72.07,-0.41
2021/6/21,17305.49,17305.49,17023.31,17062.98,51801633,-255.56,-1.48
2021/6/22,17162.71,17270.47,17075.55,17075.55,55136181,12.57,0.07
2021/6/23,17127.59,17375.79,17127.59,17336.71,52946486,261.16,1.53
2021/6/24,17358.57,17439.63,17319.89,17407.96,42244901,71.25,0.41
2021/6/25,17471.07,17597.33,17471.07,17502.99,48063021,95.03,0.55
2021/6/28,17531.82,17595.51,17481.23,17590.97,44433081,87.98,0.5
2021/6/29,17621.15,17713.24,17541.14,17598.19,59825228,7.22,0.04
2021/6/30,17648.25,17797.27,17648.25,17755.46,54378901,157.27,0.89
2021/7/1,17801.19,17863.9,17644.36,17713.94,64749378,-41.52,-0.23
2021/7/2,17745.69,17795.88,17676.98,17710.15,61292121,-3.79,-0.02
2021/7/5,17783.8,17945.52,17783.8,17919.33,61123861,209.18,1.18
2021/7/6,17929.22,18008.37,17895.78,17913.07,60674793,-6.26,-0.03
2021/7/7,17901.25,17933.62,17756.82,17850.69,59156938,-62.38,-0.35
2021/7/8,17880.9,17935.11,17742.08,17866.09,64333468,15.4,0.09
2021/7/9,17778.12,17778.12,17597.46,17661.48,55006951,-204.61,-1.15
2021/7/12,17843.3,17947.9,17759.9,17814.33,55880041,152.85,0.87
2021/7/13,17931.47,18018.04,17786.76,17847.52,66280632,33.19,0.19
2021/7/14,17892.51,17940.86,17716.44,17845.75,57793725,-1.77,-0.01
2021/7/15,17878.78,18034.19,17878.78,18034.19,45847621,188.44,1.06
2021/7/16,17839.58,17926.38,17779.61,17895.25,58024613,-138.94,-0.77
2021/7/19,17854.35,17854.35,17708.15,17789.25,47230132,-106,-0.59
2021/7/20,17724.92,17724.92,17500.69,17528.74,47480864,-260.51,-1.46
2021/7/21,17593.6,17707.56,17352.24,17458.79,62088276,-69.95,-0.4
2021/7/22,17482.81,17667.38,17482.81,17572.33,58912121,113.54,0.65
2021/7/23,17603.95,17672.6,17511.86,17572.92,56851020,0.59,0
2021/7/26,17554.93,17637.36,17403.56,17403.56,46255979,-169.36,-0.96
2021/7/27,17394.77,17459.35,17264.5,17269.87,50982538,-133.69,-0.77
2021/7/28,17252.87,17252.87,16893.7,17135.22,56140605,-134.65,-0.78
2021/7/29,17216.58,17402.81,17190.48,17402.81,47404032,267.59,1.56
2021/7/30,17414.77,17429.01,17237.67,17247.41,54567705,-155.4,-0.89
2021/8/2,17256.61,17503.28,17231.22,17503.28,44018951,255.87,1.48
2021/8/3,17489.12,17553.76,17456.2,17553.76,39030002,50.48,0.29
2021/8/4,17588.64,17636.11,17557.18,17623.89,37909033,70.13,0.4
2021/8/5,17624.82,17643.97,17566.72,17603.12,38592343,-20.77,-0.12
2021/8/6,17593.85,17593.85,17469.68,17526.28,40125755,-76.84,-0.44
2021/8/9,17505.01,17510.09,17350.15,17485.15,35240246,-41.13,-0.23
2021/8/10,17492.45,17524.91,17305.06,17323.64,35299578,-161.51,-0.92
2021/8/11,17308.62,17327.2,17090.25,17227.18,39228550,-96.46,-0.56
2021/8/12,17221.35,17233.11,17139.21,17219.94,32254331,-7.24,-0.04
2021/8/13,17216.34,17216.34,16978.11,16982.11,38663905,-237.83,-1.38
2021/8/16,16941.33,16983.59,16773.57,16858.77,33619284,-123.34,-0.73
2021/8/17,16841.62,16870.55,16657.63,16661.36,29976862,-197.41,-1.17
2021/8/18,16630.99,16826.27,16418.54,16826.27,42429784,164.91,0.99
2021/8/19,16777.78,16777.78,16375.4,16375.4,43839038,-450.87,-2.68
2021/8/20,16426.98,16507.11,16248.08,16341.94,35480358,-33.46,-0.2
2021/8/23,16459.13,16785.29,16459.13,16741.84,36766195,399.9,2.45
2021/8/24,16830.63,16904.3,16779.9,16818.73,41812448,76.89,0.46
2021/8/25,16821.08,17045.86,16821.08,17045.86,36404151,227.13,1.35
2021/8/26,17177.39,17201.42,16984.69,17066.96,37716116,21.1,0.12
2021/8/27,17061.1,17229.89,17000.26,17209.93,32000245,142.97,0.84
2021/8/30,17244.62,17396.52,17244.62,17396.52,27491625,186.59,1.08
2021/8/31,17384.61,17490.29,17207.57,17490.29,34514207,93.77,0.54
2021/9/1,17463.8,17503.93,17415.52,17473.99,36534812,-16.3,-0.09
2021/9/2,17455.92,17523.16,17319.76,17319.76,35465891,-154.23,-0.88
2021/9/3,17380.52,17540.78,17380.52,17516.92,36625245,197.16,1.14
2021/9/6,17534.05,17633.67,17461.07,17495.3,38080790,-21.62,-0.12
2021/9/7,17534.38,17559.21,17388.37,17428.87,33780658,-66.43,-0.38
2021/9/8,17411.53,17447.58,17167.08,17270.49,32568554,-158.38,-0.91
2021/9/9,17175.04,17319.09,17122.95,17304.33,24691472,33.84,0.2
2021/9/10,17270.28,17474.57,17270.28,17474.57,26855069,170.24,0.98
2021/9/13,17452.16,17482.57,17387.57,17446.31,26074319,-28.26,-0.16
2021/9/14,17463.78,17529.47,17424.54,17434.9,26186480,-11.41,-0.07
2021/9/15,17434.02,17439.75,17316.52,17354,26982616,-80.9,-0.46
2021/9/16,17332.34,17411.37,17254.1,17278.7,24257720,-75.3,-0.43
2021/9/17,17279.29,17408.71,17235.45,17276.79,31645867,-1.91,-0.01
2021/9/22,17196.79,17196.79,16838.58,16925.82,29847863,-350.97,-2.03
2021/9/23,16998.07,17145.25,16998.07,17078.22,25384058,152.4,0.9
2021/9/24,17130.74,17273.59,17130.74,17260.19,27891706,181.97,1.07
2021/9/27,17278.11,17335.99,17235.68,17313.77,30059935,53.58,0.31
2021/9/28,17286.89,17286.89,17113.47,17181.44,25966438,-132.33,-0.76
2021/9/29,17127.86,17127.86,16801.78,16855.46,32887839,-325.98,-1.9
2021/9/30,16886.57,16994.21,16767.2,16934.77,27819318,79.31,0.47
2021/10/1,16883,16883,16503.74,16570.89,34510112,-363.88,-2.15
2021/10/4,16600.52,16680.29,16380.06,16408.35,30275030,-162.54,-0.98
2021/10/5,16362.27,16460.75,16162.17,16460.75,33232784,52.4,0.32
2021/10/6,16488.21,16568.21,16303.63,16393.16,29079156,-67.59,-0.41
2021/10/7,16465.57,16731.58,16465.57,16713.86,29827396,320.7,1.96
2021/10/8,16742.35,16771.71,16605.49,16640.43,27672024,-73.43,-0.44
2021/10/12,16589.72,16589.72,16349.49,16462.84,28483346,-177.59,-1.07
2021/10/13,16480.98,16543.33,16328.47,16347.99,26056381,-114.85,-0.7
2021/10/14,16392.51,16519.96,16347.88,16387.28,25872394,39.29,0.24
2021/10/15,16426.76,16781.19,16426.76,16781.19,28808681,393.91,2.4
2021/10/18,16816.94,16862.03,16695.89,16705.46,27191086,-75.73,-0.45
2021/10/19,16791.12,16916.72,16772.15,16900.67,26979204,195.21,1.17
2021/10/20,16936.2,16973.86,16855.81,16887.82,26822117,-12.85,-0.08
2021/10/21,16904.46,17026.89,16873.99,16889.51,31177065,1.69,0.01
2021/10/22,16900.32,16932.89,16800.49,16888.74,28458815,-0.77,0
2021/10/25,16879.34,16930.98,16784.11,16894.24,26988679,5.5,0.03
2021/10/26,16909.32,17067.15,16909.32,17034.34,32907508,140.1,0.83
2021/10/27,17037.37,17079.6,16973.16,17074.55,28564937,40.21,0.24
2021/10/28,17081.17,17104.86,16994.37,17041.63,31832630,-32.92,-0.19
2021/10/29,17058.04,17073.97,16920.68,16987.41,35443245,-54.22,-0.32
2021/11/1,17021.77,17119.43,17021.77,17068.24,32916659,80.83,0.48
2021/11/2,17094.42,17237.09,17026.63,17065.97,39122537,-2.27,-0.01
2021/11/3,17087.89,17153.76,17080.51,17122.16,33140617,56.19,0.33
2021/11/4,17158.28,17219.65,17061.46,17078.86,31271345,-43.3,-0.25
2021/11/5,17097.16,17296.9,17097.16,17296.9,32858769,218.04,1.28
2021/11/8,17323.39,17415.3,17279.46,17415.3,38154515,118.4,0.68
2021/11/9,17433.1,17581.52,17433.1,17541.36,39928200,126.06,0.72
2021/11/10,17549.09,17575.44,17489.87,17559.65,35523486,18.29,0.1
2021/11/11,17527.18,17527.18,17403.48,17452.52,40473303,-107.13,-0.61
2021/11/12,17479.55,17602.05,17479.55,17518.13,37298950,65.61,0.38
2021/11/15,17560.52,17683.19,17560.52,17634.47,38161472,116.34,0.66
2021/11/16,17639.96,17708.1,17629.8,17693.13,38216272,58.66,0.33
2021/11/17,17705.29,17764.04,17669.58,17764.04,40130150,70.91,0.4
2021/11/18,17767.06,17841.37,17748.21,17841.37,40107897,77.33,0.44
2021/11/19,17864.19,17986.18,17786.05,17818.31,40303576,-23.06,-0.13
2021/11/22,17828.53,17857.73,17790.64,17803.54,31862426,-14.77,-0.08
2021/11/23,17797.9,17797.9,17650.07,17666.12,31722215,-137.42,-0.77
2021/11/24,17680.16,17722.89,17588.78,17642.52,29611854,-23.6,-0.13
2021/11/25,17686.12,17724.5,17609.51,17654.19,30498755,11.67,0.07
2021/11/26,17641.79,17641.79,17330.44,17369.39,35807119,-284.8,-1.61
2021/11/29,17320.01,17415.63,17167.24,17328.09,32067712,-41.3,-0.24
2021/11/30,17369.79,17535.23,17369.79,17427.76,45091179,99.67,0.58
2021/12/1,17428.61,17626.21,17374.59,17585.99,30184333,158.23,0.91
2021/12/2,17575.91,17741.55,17559.44,17724.88,39051381,138.89,0.79
2021/12/3,17720.93,17781.14,17670.32,17697.14,33178609,-27.74,-0.16
2021/12/6,17650.67,17763.42,17585.95,17688.21,30051810,-8.93,-0.05
2021/12/7,17734.19,17796.92,17642.32,17796.92,37980685,108.71,0.61
2021/12/8,17845.06,17988.88,17832.42,17832.42,37180071,35.5,0.2
2021/12/9,17880.41,17925.12,17807.12,17914.12,32486867,81.7,0.46
2021/12/10,17893.29,17893.29,17767.8,17826.26,28793399,-87.86,-0.49
2021/12/13,17841.03,17919.35,17767.6,17767.6,28939605,-58.66,-0.33
2021/12/14,17754.38,17754.38,17566.99,17599.37,30791969,-168.23,-0.95
2021/12/15,17592.87,17678.78,17556.87,17660.1,25055319,60.73,0.35
2021/12/16,17719.06,17814.32,17719.06,17785.74,31545565,125.64,0.71
2021/12/17,17744.54,17822.74,17718.27,17812.59,35724474,26.85,0.15
2021/12/20,17812.81,17812.81,17646.39,17669.11,26402874,-143.48,-0.81
2021/12/21,17686.84,17825.89,17652.32,17789.27,26288370,120.16,0.68
2021/12/22,17805.74,17870.16,17799.72,17826.83,25438443,37.56,0.21
2021/12/23,17855.78,17960.99,17855.78,17946.66,27938435,119.83,0.67
2021/12/24,17966.35,18039.85,17953.57,17961.64,24555635,14.98,0.08
2021/12/27,17975.41,18099.78,17975.41,18048.94,23954056,87.3,0.49
2021/12/28,18099.71,18197.36,18099.71,18196.81,26291889,147.87,0.82
2021/12/29,18209.14,18283.25,18192.86,18248.28,24258845,51.47,0.28
2021/12/30,18270,18291.25,18216.45,18218.84,26674855,-29.44,-0.16
2022/1/3,18260.23,18379.69,18238.47,18270.51,33114031,51.67,0.28
2022/1/4,18395.14,18526.35,18395.14,18526.35,33556993,255.84,1.4
2022/1/5,18598.13,18619.61,18446.52,18499.96,34345309,-26.39,-0.14
2022/1/6,18395.72,18427.15,18253.82,18367.92,30105369,-132.04,-0.71
2022/1/7,18388.16,18444.12,18134.41,18169.76,33282789,-198.16,-1.08
2022/1/10,18095.39,18243.26,18043.97,18239.38,27508381,69.62,0.38
2022/1/11,18266.54,18293.53,18135.43,18288.21,30922450,48.83,0.27
2022/1/12,18348.39,18394.7,18255.38,18375.4,29014970,87.19,0.48
2022/1/13,18356.21,18459.73,18346.81,18436.93,28162268,61.53,0.33
2022/1/14,18509,18509,18213.44,18403.33,33872007,-33.6,-0.18
2022/1/17,18512.15,18535.42,18435.02,18525.44,26530871,122.11,0.66
2022/1/18,18492.81,18575.41,18378.64,18378.64,26821635,-146.8,-0.79
2022/1/19,18275.18,18359.14,18199.35,18227.46,26158459,-151.18,-0.82
2022/1/20,18212.26,18292.14,18125.2,18218.28,24401634,-9.18,-0.05
2022/1/21,18113.94,18113.94,17851.39,17899.3,31095684,-318.98,-1.75
2022/1/24,17843.33,18004.45,17682.33,17989.04,26710499,89.74,0.5
2022/1/25,17890.71,17890.71,17645.66,17701.12,27498034,-287.92,-1.6
2022/1/26,17657.97,17776.42,17633.03,17674.4,23013621,-26.72,-0.15
2022/2/7,17750.7,17900.3,17712.35,17900.3,31455355,225.9,1.28
2022/2/8,17955.95,18063.55,17955.95,17966.56,32096547,66.26,0.37
2022/2/9,18060.33,18168.6,18039.23,18151.76,30099953,185.2,1.03
2022/2/10,18217.29,18338.05,18145.04,18338.05,28548725,186.29,1.03
2022/2/11,18258.81,18310.94,18191.75,18310.94,26525458,-27.11,-0.15
2022/2/14,18182.73,18182.73,17965.22,17997.67,26992710,-313.27,-1.71
2022/2/15,17978.44,18085.91,17942.68,17951.81,23599140,-45.86,-0.25
2022/2/16,18109.17,18233.79,18109.17,18231.47,27263297,279.66,1.56
2022/2/17,18213.3,18330.63,18190.24,18268.57,30915995,37.1,0.2
2022/2/18,18250.37,18262.96,18098.52,18232.35,30671821,-36.22,-0.2
2022/2/21,18196.4,18253.1,18129.65,18221.49,29758663,-10.86,-0.06
2022/2/22,18159.51,18159.51,17840.38,17969.29,34284951,-252.2,-1.38
2022/2/23,17954.75,18109.28,17954.75,18055.73,27294198,86.44,0.48
2022/2/24,17939.53,17939.53,17561.07,17594.55,44301703,-461.18,-2.55
2022/2/25,17617.36,17737.32,17554.97,17652.18,39517796,57.63,0.33
2022/3/1,17657.5,17944.5,17657.5,17898.25,36456799,246.07,1.39
2022/3/2,17864.11,17918.98,17784.64,17867.6,29741069,-30.65,-0.17
2022/3/3,17932.15,18026.03,17906.24,17934.4,32799367,66.8,0.37
2022/3/4,17845.01,17845.01,17710.54,17736.52,39803488,-197.88,-1.1
2022/3/7,17581.57,17581.57,17135.68,17178.69,47011227,-557.83,-3.15
2022/3/8,17000,17113.67,16764.78,16825.25,45420720,-353.44,-2.06
2022/3/9,16944.08,17072.74,16944.08,17015.36,32282883,190.11,1.13
2022/3/10,17224.73,17478.43,17224.73,17433.2,35718554,417.84,2.46
2022/3/11,17373.82,17373.9,17239.9,17264.74,26867692,-168.46,-0.97
2022/3/14,17287.9,17363.04,17217.58,17263.04,29532976,-1.7,-0.01
2022/3/15,17177.27,17177.27,16911.95,16926.06,38185065,-336.98,-1.95
2022/3/16,17007.58,17085.77,16808.43,16940.83,40670156,14.77,0.09
2022/3/17,17172.81,17472.95,17172.81,17448.22,40779799,507.39,3
2022/3/18,17439.91,17472.38,17359.5,17456.52,36838176,8.3,0.05
2022/3/21,17503.95,17603.99,17503.95,17560.36,26861028,103.84,0.59
2022/3/22,17512.41,17573.29,17468.55,17559.71,23946469,-0.65,0
2022/3/23,17581.62,17738.69,17581.62,17731.37,28777529,171.66,0.98
2022/3/24,17711.17,17711.17,17603.22,17699.06,26622628,-32.31,-0.18
2022/3/25,17695.8,17747.13,17633.86,17676.95,29151155,-22.11,-0.12
2022/3/28,17510.15,17527.15,17368.66,17520.01,23864328,-156.94,-0.89
2022/3/29,17568.32,17585.91,17493.01,17548.66,25925997,28.65,0.16
2022/3/30,17572.9,17770.07,17572.9,17740.56,30793692,191.9,1.09
2022/3/31,17754.1,17767.81,17682.53,17693.47,23155756,-47.09,-0.27
2022/4/1,17657.76,17657.76,17465.61,17625.59,23459624,-67.88,-0.38
2022/4/6,17484.19,17528.99,17381.07,17522.5,26824729,-103.09,-0.58
2022/4/7,17430.13,17438.6,17178.63,17178.63,32204990,-343.87,-1.96
2022/4/8,17210.4,17316.69,17210.4,17284.54,25170581,105.91,0.62
2022/4/11,17273.05,17316.35,17046.67,17048.37,30578522,-236.17,-1.37
2022/4/12,17005.84,17100.85,16905.13,16990.91,28022419,-57.46,-0.34
2022/4/13,17080.4,17333.21,17080.4,17301.65,26452633,310.74,1.83
2022/4/14,17353.25,17374.14,17245.65,17245.65,25931824,-56,-0.32
2022/4/15,17139.34,17141.33,17004.18,17004.18,27420239,-241.47,-1.4
2022/4/18,16958.66,16999.36,16845.51,16898.87,23165969,-105.31,-0.62
2022/4/19,16926.34,17106.26,16926.34,16993.4,23010256,94.53,0.56
2022/4/20,17057.13,17148.88,16983.55,17148.88,29681301,155.48,0.91
2022/4/21,17159.88,17213.66,17106.37,17127.95,24958428,-20.93,-0.12
2022/4/22,17088.76,17088.76,16923.87,17025.09,27747560,-102.86,-0.6
2022/4/25,16912.3,16912.3,16579.89,16620.9,31020820,-404.19,-2.37
2022/4/26,16677.84,16729.47,16582.11,16644.79,26100693,23.89,0.14
2022/4/27,16427.32,16427.32,16219.41,16303.35,30675017,-341.44,-2.05
2022/4/28,16350.72,16455.57,16256.88,16419.38,26247084,116.03,0.71
2022/4/29,16599.84,16663.66,16521.94,16592.18,26040254,172.8,1.05
2022/5/3,16593.21,16604.87,16465.99,16498.9,18083028,-93.28,-0.56
2022/5/4,16531.37,16617.06,16514.3,16565.83,19535153,66.93,0.41
2022/5/5,16689.98,16783.78,16650.81,16696.12,25783648,130.29,0.79
2022/5/6,16491.11,16491.11,16312.17,16408.2,25033466,-287.92,-1.72
2022/5/9,16345.84,16345.84,16048.92,16048.92,24777130,-359.28,-2.19
2022/5/10,15891.4,16071.5,15734.44,16061.7,26149282,12.78,0.08
2022/5/11,16053.75,16081.15,15953.27,16006.25,21076718,-55.45,-0.35
2022/5/12,15943.62,15943.62,15616.68,15616.68,26333877,-389.57,-2.43
2022/5/13,15687.15,15860.69,15687.15,15832.54,22819113,215.86,1.38
2022/5/16,15943.69,16032.85,15847.46,15901.04,24319163,68.5,0.43
2022/5/17,15915.93,16085.85,15915.93,16056.09,21006566,155.05,0.98
2022/5/18,16174.78,16316.58,16172.8,16296.86,23836186,240.77,1.5
2022/5/19,16111.49,16111.49,15892.73,16020.32,23938692,-276.54,-1.7
2022/5/20,16061.92,16181.66,16058.2,16144.85,20155180,124.53,0.78
2022/5/23,16193.92,16249.45,16125.45,16156.41,23607239,11.56,0.07
2022/5/24,16166.57,16219.8,15963.63,15963.63,21149095,-192.78,-1.19
2022/5/25,15987.74,16169.18,15980.9,16104.03,21530037,140.4,0.88
2022/5/26,16128.21,16179.01,15949.61,15968.83,22530753,-135.2,-0.84
2022/5/27,16075.91,16266.22,16075.91,16266.22,22265137,297.39,1.86
2022/5/30,16368.93,16610.62,16368.93,16610.62,25948169,344.4,2.12
2022/5/31,16561.68,16807.77,16493.07,16807.77,40035651,197.15,1.19
2022/6/1,16718.91,16811.04,16649.91,16675.09,25856678,-132.68,-0.79
2022/6/2,16605.46,16617.26,16540.55,16552.57,21882105,-122.52,-0.73
2022/6/6,16570.89,16654.12,16509.01,16605.96,21676781,53.39,0.32
2022/6/7,16593.75,16593.75,16465.87,16512.88,19174316,-93.08,-0.56
2022/6/8,16538.67,16702.99,16538.67,16670.51,21169666,157.63,0.95
2022/6/9,16643.95,16643.95,16557.54,16621.34,19723540,-49.17,-0.29
2022/6/10,16581.81,16581.81,16403.33,16460.12,18916179,-161.22,-0.97
2022/6/13,16295.07,16295.07,16055.89,16070.98,23470022,-389.14,-2.36
2022/6/14,15975.17,16067.8,15869.06,16047.37,22989823,-23.61,-0.15
2022/6/15,16025.84,16106.75,15981.56,15999.25,22782814,-48.12,-0.3
2022/6/16,16098.29,16209.25,15838.29,15838.61,27876451,-160.64,-1
2022/6/17,15794.16,15794.16,15573.38,15641.26,31531614,-197.35,-1.25
2022/6/20,15649.2,15667.68,15367.58,15367.58,26982078,-273.68,-1.75
2022/6/21,15427.33,15728.64,15427.33,15728.64,24190946,361.06,2.35
2022/6/22,15687.46,15687.46,15346.95,15347.75,28311526,-380.89,-2.42
2022/6/23,15305.51,15380.28,15102.4,15176.44,28951362,-171.31,-1.12
2022/6/24,15232.34,15424.37,15232.34,15303.32,23499538,126.88,0.84
2022/6/27,15409.08,15656.35,15409.08,15548.01,24362126,244.69,1.6
2022/6/28,15519.56,15533.34,15375.65,15439.92,23707880,-108.09,-0.7
2022/6/29,15365.54,15365.54,15218.07,15240.13,24861918,-199.79,-1.29
2022/6/30,15146.92,15147.77,14825.73,14825.73,26505030,-414.4,-2.72
2022/7/1,14812.13,14812.13,14336.03,14343.08,30866500,-482.65,-3.26
2022/7/4,14237.83,14412.47,14167.1,14217.06,23819151,-126.02,-0.88
2022/7/5,14345.54,14488.8,14100.89,14349.2,26223772,132.14,0.93
2022/7/6,14289.67,14319.32,13985.51,13985.51,25075830,-363.69,-2.53
2022/7/7,14052.18,14355.15,13951.81,14336.27,26035961,350.76,2.51
2022/7/8,14462.5,14552.42,14373.84,14464.53,26092558,128.26,0.89
2022/7/11,14478.31,14525.03,14313.94,14340.53,17527813,-124,-0.86
2022/7/12,14235.63,14235.63,13928.66,13950.62,20269368,-389.91,-2.72
2022/7/13,14194.94,14403.51,14194.94,14324.68,22548059,374.06,2.68
2022/7/14,14252.02,14450.47,14159.39,14438.52,21218742,113.84,0.79
2022/7/15,14483.96,14579.73,14378.33,14550.62,23169566,112.1,0.78
2022/7/18,14589.1,14719.64,14589.1,14719.64,22991265,169.02,1.16
2022/7/19,14638.45,14720.13,14598.99,14694.08,19931204,-25.56,-0.17
2022/7/20,14810.4,14906.95,14694.2,14733.22,25923899,39.14,0.27
2022/7/21,14744.17,14937.7,14716.02,14937.7,23883620,204.48,1.39
2022/7/22,14953.27,14996.24,14902.32,14949.36,26562459,11.66,0.08
2022/7/25,14902.25,14968.23,14851.37,14936.33,18550128,-13.03,-0.09
2022/7/26,14912.41,14912.41,14750.71,14806.78,18689003,-129.55,-0.87
2022/7/27,14791.71,14921.59,14717.02,14921.59,18782726,114.81,0.78
2022/7/28,14978.95,15031.99,14849.94,14891.9,22260436,-29.69,-0.2
2022/7/29,14950.18,15035.27,14929.49,15000.07,22741374,108.17,0.73
2022/8/1,14982.27,14994.36,14886.81,14981.69,18164124,-18.38,-0.12
2022/8/2,14860.94,14860.94,14663.46,14747.23,21910061,-234.46,-1.56
2022/8/3,14757.51,14777.02,14673.35,14777.02,17770124,29.79,0.2
2022/8/4,14741.47,14766.57,14545.69,14702.2,19765857,-74.82,-0.51
2022/8/5,14802.34,15041.41,14802.34,15036.04,20669892,333.84,2.27
2022/8/8,14972.21,15034.87,14908.17,15020.41,17453985,-15.63,-0.1
2022/8/9,14965.12,15077.63,14905.23,15050.28,18807536,29.87,0.2
2022/8/10,14940.76,14982.33,14890.55,14939.02,20904093,-111.26,-0.74
2022/8/11,15087.59,15204.79,15087.59,15197.85,22374757,258.83,1.73
2022/8/12,15203.91,15298.42,15198.93,15288.97,20918590,91.12,0.6
2022/8/15,15332.92,15437.23,15315.12,15417.35,23788151,128.38,0.84
2022/8/16,15435.04,15451.83,15392.49,15420.57,21181949,3.22,0.02
2022/8/17,15423.44,15475.89,15390.84,15465.45,21879790,44.88,0.29
2022/8/18,15384.73,15396.76,15311.22,15396.76,19996765,-68.69,-0.44
2022/8/19,15394.36,15458.45,15346.26,15408.78,22258337,12.02,0.08
2022/8/22,15375.2,15375.2,15229.36,15245.14,20414550,-163.64,-1.06
2022/8/23,15225.17,15225.17,15086.43,15095.89,17430446,-149.25,-0.98
2022/8/24,15112.15,15183.96,15053.52,15069.19,18106346,-26.7,-0.18
2022/8/25,15105.31,15244.06,15105.31,15200.04,17200949,130.85,0.87
2022/8/26,15221.5,15337.25,15221.5,15278.44,21461077,78.4,0.52
2022/8/29,15197.19,15197.19,14843.72,14926.19,21293219,-352.25,-2.31
2022/8/30,14919.67,15027.5,14911.97,14953.63,18611469,27.44,0.18
2022/8/31,14912.12,15095.44,14874.33,15095.44,21704838,141.81,0.95
2022/9/1,14981,14981,14773.19,14801.86,23495752,-293.58,-1.94
2022/9/2,14790.28,14817.4,14673.04,14673.04,23690267,-128.82,-0.87
2022/9/5,14670.18,14753.03,14632.79,14661.1,19130489,-11.94,-0.08
2022/9/6,14705.16,14789.31,14623.22,14677.2,18696961,16.1,0.11
2022/9/7,14557.86,14557.86,14397.12,14410.05,18507224,-267.15,-1.82
2022/9/8,14447.09,14583.42,14447.09,14583.42,17861413,173.37,1.2
2022/9/12,14711.34,14856.23,14711.34,14807.43,18970281,224.01,1.54
2022/9/13,14895.87,14949.56,14856.98,14894.41,18585694,86.98,0.59
2022/9/14,14695.19,14699.78,14522.7,14658.31,18962510,-236.1,-1.59
2022/9/15,14647,14750.28,14624.55,14670.04,18224247,11.73,0.08
2022/9/16,14602.16,14602.16,14521.65,14561.76,23596169,-108.28,-0.74
2022/9/19,14567.27,14585.06,14424.33,14425.68,16318923,-136.08,-0.93
2022/9/20,14474.95,14558.72,14461.39,14549.3,16887301,123.62,0.86
2022/9/21,14517.34,14525.46,14384.11,14424.52,18002554,-124.78,-0.86
2022/9/22,14325.67,14325.67,14151.8,14284.63,21254454,-139.89,-0.97
2022/9/23,14231.03,14277.53,14109.71,14118.38,20224862,-166.25,-1.16
2022/9/26,13993.42,13993.42,13743.19,13778.19,22224637,-340.19,-2.41
2022/9/27,13812.99,13862.84,13732.32,13826.59,19344617,48.4,0.35
2022/9/28,13816.7,13854.09,13466.07,13466.07,22965422,-360.52,-2.61
2022/9/29,13550.7,13651.29,13462.57,13534.26,21652917,68.19,0.51
2022/9/30,13409.65,13466.82,13274.72,13424.58,21464672,-109.68,-0.81
2022/10/3,13359.26,13440.23,13273.48,13300.48,17095022,-124.1,-0.92
2022/10/4,13447.36,13586.96,13447.36,13576.52,18383336,276.04,2.08
2022/10/5,13727.3,13902.02,13727.3,13801.43,23633605,224.91,1.66
2022/10/6,13865.45,13899.23,13814.33,13892.05,17816291,90.62,0.66
2022/10/7,13847.52,13847.52,13684.21,13702.28,16521423,-189.77,-1.37
2022/10/11,13394.12,13394.12,13106.03,13106.03,22889162,-596.25,-4.35
2022/10/12,13076.91,13130.73,12991.59,13081.24,19012826,-24.79,-0.19
2022/10/13,13108.4,13111.39,12809.43,12810.73,21506600,-270.51,-2.07
2022/10/14,13023.71,13221.87,13023.71,13128.12,21218033,317.39,2.48
2022/10/17,12988.83,12988.83,12814.82,12966.05,21029540,-162.07,-1.23
2022/10/18,13075.05,13143.15,12978.13,13124.68,20051751,158.63,1.22
2022/10/19,13096.35,13155.62,12976.76,12976.76,18663441,-147.92,-1.13
2022/10/20,12912.93,12946.1,12698.91,12946.1,24273854,-30.66,-0.24
2022/10/21,12931.2,12954.02,12813.6,12819.2,16240960,-126.9,-0.98
2022/10/24,12913.58,13027.84,12856.77,12856.98,18035772,37.78,0.29
2022/10/25,12830.29,12843.31,12629.48,12666.12,19302062,-190.86,-1.48
2022/10/26,12666.42,12791.97,12635.52,12729.05,17694254,62.93,0.5
2022/10/27,12807.69,12954.32,12807.69,12926.37,17780474,197.32,1.55
2022/10/28,12874.83,12891.38,12723.98,12788.42,17724466,-137.95,-1.07
2022/10/31,12862.37,12977.61,12826.34,12949.75,17222332,161.33,1.26
2022/11/1,12933.12,13062.9,12907.61,13037.21,15741392,87.46,0.68
2022/11/2,13033.15,13100.17,13014.04,13100.17,15704542,62.96,0.48
2022/11/3,12985.55,12991.37,12905.35,12986.6,16672169,-113.57,-0.87
2022/11/4,12941.78,13029.94,12868.25,13026.71,18202948,40.11,0.31
2022/11/7,13109.35,13246.59,13103.35,13223.73,20792713,197.02,1.51
2022/11/8,13274.91,13389.25,13274.91,13347.76,22584657,124.03,0.94
2022/11/9,13410.19,13638.81,13410.19,13638.81,24225760,291.05,2.18
2022/11/10,13556.51,13559.4,13463.85,13503.76,19369863,-135.05,-0.99
2022/11/11,13878.95,14045.51,13878.95,14007.56,34087670,503.8,3.73
2022/11/14,14080.91,14217.3,14076.94,14174.9,27764664,167.34,1.19
2022/11/15,14325.49,14568.51,14278.53,14546.31,30382542,371.41,2.62
2022/11/16,14637.85,14657.66,14481.06,14537.35,28689541,-8.96,-0.06
2022/11/17,14489.41,14545.89,14383.55,14535.23,24333420,-2.12,-0.01
2022/11/18,14584.31,14669.98,14470.48,14504.99,23943110,-30.24,-0.21
2022/11/21,14514.71,14530.76,14421.65,14449.39,17919776,-55.6,-0.38
2022/11/22,14404.08,14542.79,14371.09,14542.2,19279400,92.81,0.64
2022/11/23,14595.5,14647.98,14573.41,14608.54,19011566,66.34,0.46
2022/11/24,14649.8,14784,14649.8,14784,22104176,175.46,1.2
2022/11/25,14764.94,14835.66,14756.01,14778.51,24058331,-5.49,-0.04
2022/11/28,14636.9,14638.19,14503.12,14556.87,20223348,-221.64,-1.5
2022/11/29,14503.79,14716.58,14449.05,14709.64,21620784,152.77,1.05
2022/11/30,14678.23,14879.55,14678.23,14879.55,28539286,169.91,1.16
2022/12/1,15059.92,15152.38,14998.03,15012.8,29626818,133.25,0.9
2022/12/2,14933.2,15021.73,14921.06,14970.68,22712779,-42.12,-0.28
2022/12/5,14972.17,15088.06,14969.97,14980.74,24613825,10.06,0.07
2022/12/6,14955.29,14957.82,14728.88,14728.88,24931953,-251.86,-1.68
2022/12/7,14708.08,14823.15,14630.01,14630.01,25057111,-98.87,-0.67
2022/12/8,14631.21,14634.16,14464.2,14553.04,18385118,-76.97,-0.53
2022/12/9,14620.27,14742.79,14620.27,14705.43,19742871,152.39,1.05
2022/12/12,14658.46,14658.46,14538.66,14612.59,15692819,-92.84,-0.63
2022/12/13,14617.86,14658.7,14515.74,14522.96,19295429,-89.63,-0.61
2022/12/14,14557.56,14739.36,14557.56,14739.36,19323527,216.4,1.49
2022/12/15,14692.92,14756.38,14649.54,14734.13,19586279,-5.23,-0.04
2022/12/16,14554.21,14568.31,14447.77,14528.55,30307521,-205.58,-1.4
2022/12/19,14478.45,14493.72,14411.81,14433.32,21016587,-95.23,-0.66
2022/12/20,14410.75,14451.91,14157.99,14170.03,26740631,-263.29,-1.82
2022/12/21,14205.06,14291.98,14197.86,14234.4,22417468,64.37,0.45
2022/12/22,14323.04,14442.94,14323.04,14442.94,21434688,208.54,1.47
2022/12/23,14318.12,14318.12,14192.98,14271.63,15260268,-171.31,-1.19
2022/12/26,14271.2,14301.11,14253.2,14285.13,11350385,13.5,0.09
2022/12/27,14310.19,14410.24,14310.19,14328.43,12637251,43.3,0.3
2022/12/28,14249.83,14249.83,14119.3,14173.1,16597956,-155.33,-1.08
2022/12/29,14097.51,14120.57,13981.63,14085.02,14439373,-88.08,-0.62
2022/12/30,14183.52,14248.9,14137.69,14137.69,13744756,52.67,0.37
2023/1/3,14108.16,14237.94,14001.97,14224.12,15130940,86.43,0.61
2023/1/4,14186.95,14257.45,14177.97,14199.13,16350755,-24.99,-0.18
2023/1/5,14285.12,14357.6,14270.93,14301.05,17429001,101.92,0.72
2023/1/6,14278.52,14384.92,14278.52,14373.34,15822239,72.29,0.51
2023/1/9,14504.47,14752.21,14504.47,14752.21,22592376,378.87,2.64
2023/1/10,14796.27,14816.13,14728.56,14802.96,18067800,50.75,0.34
2023/1/11,14822.86,14842.74,14734.44,14751.44,16197125,-51.52,-0.35
2023/1/12,14780.58,14813.31,14700.73,14731.64,15102314,-19.8,-0.13
2023/1/13,14923.05,14962.31,14822.15,14824.13,18693784,92.49,0.63
2023/1/16,14895.26,14960.92,14895.26,14927.01,15484685,102.88,0.69
2023/1/17,14922.34,14945.23,14884.78,14932.93,15404488,5.92,0.04
2023/1/30,15291.53,15493.82,15291.53,15493.82,35486508,560.89,3.76
2023/1/31,15419.21,15441.98,15265.2,15265.2,28562865,-228.62,-1.48
2023/2/1,15346.35,15420.13,15291.68,15420.13,24177892,154.93,1.01
2023/2/2,15508.83,15602.09,15496.52,15595.16,27798097,175.03,1.14
2023/2/3,15591.95,15617.73,15504.03,15602.66,24093846,7.5,0.05
2023/2/6,15514.8,15514.8,15392.82,15392.82,20588283,-209.84,-1.34
2023/2/7,15376.12,15462.1,15363.65,15400.91,19095352,8.09,0.05
2023/2/8,15538.71,15631.22,15520.05,15618.17,23217457,217.26,1.41
2023/2/9,15590,15617.34,15553.84,15598.71,21513503,-19.46,-0.12
2023/2/10,15627.33,15628.3,15546.11,15586.65,21332605,-12.06,-0.08
2023/2/13,15564.76,15569.99,15465.56,15544.28,17893836,-42.37,-0.27
2023/2/14,15584.74,15669.63,15584.74,15654.48,18169767,110.2,0.71
2023/2/15,15497.67,15553.68,15388.85,15432.89,22692165,-221.59,-1.42
2023/2/16,15474.46,15585.48,15474.46,15550.5,23407131,117.61,0.76
2023/2/17,15503.75,15503.75,15418.43,15479.7,21421530,-70.8,-0.46
2023/2/20,15452.01,15575.32,15436.66,15551.23,21136591,71.53,0.46
2023/2/21,15535.64,15567.74,15496.73,15563,22437342,11.77,0.08
2023/2/22,15541.17,15541.17,15345.93,15418.77,24388641,-144.23,-0.93
2023/2/23,15463.46,15657.63,15463.46,15615.41,25263932,196.64,1.28
2023/2/24,15669.88,15717.96,15503.79,15503.79,29433440,-111.62,-0.71
2023/3/1,15435.38,15617.03,15387.38,15598.49,26075273,94.7,0.61
2023/3/2,15580.28,15618.06,15492.37,15598.72,21685265,0.23,0
2023/3/3,15621.36,15713.42,15606.85,15608.42,24019101,9.7,0.06
2023/3/6,15675.28,15818.88,15675.28,15763.51,24690693,155.09,0.99
2023/3/7,15763.87,15879.16,15749.04,15857.89,23468395,94.38,0.6
2023/3/8,15819.18,15821.49,15740.98,15818.2,26043781,-39.69,-0.25
2023/3/9,15827.98,15878.75,15770.66,15770.66,25755311,-47.54,-0.3
2023/3/10,15729.29,15729.29,15488.71,15526.2,29439937,-244.46,-1.55
2023/3/13,15514.03,15571.17,15349.67,15560.49,24298941,34.29,0.22
2023/3/14,15517.74,15517.74,15348.12,15360.42,24077442,-200.07,-1.29
2023/3/15,15425.99,15526.73,15387.59,15387.59,24677153,27.17,0.18
2023/3/16,15334.25,15334.25,15186.74,15221.12,24564323,-166.47,-1.08
2023/3/17,15337.97,15452.96,15337.97,15452.96,26911273,231.84,1.52
2023/3/20,15454.75,15488.98,15399.07,15419.97,19285002,-32.99,-0.21
2023/3/21,15437.95,15547.97,15437.95,15513.45,22231934,93.48,0.61
2023/3/22,15535.17,15760.46,15535.17,15760.46,24711412,247.01,1.59
2023/3/23,15711.6,15882.75,15680.84,15863.95,23392621,103.49,0.66
2023/3/24,15869.84,15921.97,15845.99,15914.7,26305943,50.75,0.32
2023/3/27,15873.67,15902.06,15821.63,15830.31,21563738,-84.39,-0.53
2023/3/28,15790.7,15846.54,15685.59,15701.48,21468487,-128.83,-0.81
2023/3/29,15766.29,15811.2,15681.1,15769.76,19761112,68.28,0.43
2023/3/30,15824.65,15885.21,15791.75,15849.43,18852526,79.67,0.51
2023/3/31,15874.19,15951.8,15857.19,15868.06,20353471,18.63,0.12
2023/4/6,15838.07,15838.07,15733.29,15810.77,21054042,-57.29,-0.36
2023/4/7,15856.19,15877.99,15811.19,15836.5,17928750,25.73,0.16
2023/4/10,15850.94,15919.76,15850.94,15876.17,18202762,39.67,0.25
2023/4/11,15886.46,15945.63,15838.1,15913.88,22116890,37.71,0.24
2023/4/12,15914.15,15944.32,15867.02,15932.97,23296568,19.09,0.12
2023/4/13,15888.63,15913.2,15800.42,15804.76,25880014,-128.21,-0.8
2023/4/14,15854.25,15973.82,15854.25,15929.43,25618321,124.67,0.79
2023/4/17,15934.64,15963.55,15894.77,15963.55,25044969,34.12,0.21
2023/4/18,15967.89,15967.89,15851.71,15869.44,25838715,-94.11,-0.59
2023/4/19,15874.65,15915.39,15756.75,15770.47,25694761,-98.97,-0.62
2023/4/20,15771.45,15804.38,15686.54,15707.52,23675937,-62.95,-0.4
2023/4/21,15776.54,15802.93,15592.96,15602.99,25795029,-104.53,-0.67
2023/4/24,15555.1,15643.86,15529.39,15626.87,17924848,23.88,0.15
2023/4/25,15606.83,15639.49,15353.22,15370.73,27398140,-256.14,-1.64
2023/4/26,15352.03,15398.4,15284.46,15374.63,21952537,3.9,0.03
2023/4/27,15374.39,15455.88,15306.69,15411.49,20677701,36.86,0.24
2023/4/28,15477.34,15580.63,15477.34,15579.18,23164558,167.69,1.09
2023/5/2,15588.68,15651.23,15532.63,15636.48,22965276,57.3,0.37
2023/5/3,15629.51,15629.51,15530.79,15553.41,20450742,-83.07,-0.53
2023/5/4,15548.02,15622.41,15523.5,15609.03,20385013,55.62,0.36
2023/5/5,15627.93,15673.62,15578.67,15626.07,18340359,17.04,0.11
2023/5/8,15648.54,15757.8,15648.54,15699.57,21714518,73.5,0.47
2023/5/9,15702.26,15744.27,15635.9,15727.7,21388250,28.13,0.18
2023/5/10,15708.48,15711.39,15579.49,15641.76,19937114,-85.94,-0.55
2023/5/11,15666.49,15675.37,15501.58,15514.64,20282889,-127.12,-0.81
2023/5/12,15477.12,15545.99,15424.42,15502.36,22289020,-12.28,-0.08
2023/5/15,15489.18,15510.09,15434.52,15475.05,19226142,-27.31,-0.18
2023/5/16,15550.57,15723.95,15550.57,15673.9,21612127,198.85,1.28
2023/5/17,15702.74,15961.97,15698.63,15925.29,26424516,251.39,1.6
2023/5/18,16060.26,16128.72,16015.62,16101.88,29318455,176.59,1.11
2023/5/19,16146.29,16189.81,16099.9,16174.92,33043396,73.04,0.45
2023/5/22,16168.74,16202.92,16131.55,16180.89,25020355,5.97,0.04
2023/5/23,16186.15,16239.5,16121.45,16188.03,24147040,7.14,0.04
2023/5/24,16186.62,16186.62,16070.16,16159.32,22987957,-28.71,-0.18
2023/5/25,16163.95,16323.77,16163.95,16292,33849214,132.68,0.82
2023/5/26,16509.14,16537.79,16457.74,16505.05,38517006,213.05,1.31
2023/5/29,16610.86,16683.76,16597.38,16636.3,34597962,131.25,0.8
2023/5/30,16648.77,16681.19,16579.13,16622.74,31831191,-13.56,-0.08
2023/5/31,16593.53,16636.65,16491.9,16578.96,42311986,-43.78,-0.26
2023/6/1,16511,16555.5,16477.43,16512.65,27964177,-66.31,-0.4
2023/6/2,16525,16752.2,16525,16706.91,36647752,194.26,1.18
2023/6/5,16714.48,16781.19,16703.6,16714.43,30373100,7.52,0.05
2023/6/6,16712.98,16793.81,16699.83,16761.66,27616325,47.23,0.28
2023/6/7,16771.76,16922.48,16771.76,16922.48,29595255,160.82,0.96
2023/6/8,16864.18,16899.51,16694.21,16733.69,30851627,-188.79,-1.12
2023/6/9,16775.92,16895.99,16775.92,16886.4,29123016,152.71,0.91
2023/6/12,16899.49,16999.72,16899.49,16955.37,30304965,68.97,0.41
2023/6/13,17135.84,17254.96,17129.23,17216.6,35841553,261.23,1.54
2023/6/14,17190.7,17259.23,17182.18,17238.14,32649233,21.54,0.13
2023/6/15,17259.37,17346.32,17259.37,17334.98,38376627,96.84,0.56
2023/6/16,17342.86,17342.86,17250.79,17288.91,45802549,-46.07,-0.27
2023/6/19,17274.07,17306.81,17210.87,17274.56,32565333,-14.35,-0.08
2023/6/20,17233.8,17247.16,17121.59,17184.91,32364972,-89.65,-0.52
2023/6/21,17186.72,17246.77,17131.45,17202.4,33076075,17.49,0.1
2023/6/26,17182.48,17182.48,17011.28,17059.24,30405473,-143.16,-0.83
2023/6/27,17022.15,17035.49,16887.9,16887.9,30020278,-171.34,-1
2023/6/28,16906.23,17011.12,16903.71,16935.63,26522988,47.73,0.28
2023/6/29,16930.41,17077.44,16911.38,16942.3,27351917,6.67,0.04
2023/6/30,16870.27,16919.95,16792.34,16915.54,31310591,-26.76,-0.16
2023/7/3,16946.71,17103.73,16946.71,17084.2,34320439,168.66,1
2023/7/4,17055.19,17154.1,17042.6,17140.77,38280973,56.57,0.33
2023/7/5,17130.26,17153.17,17020.01,17056.43,34226234,-84.34,-0.49
2023/7/6,17017.09,17017.09,16749.29,16762.17,35443374,-294.26,-1.73
2023/7/7,16736.94,16762.39,16593.84,16664.21,31008087,-97.96,-0.58
2023/7/10,16667.43,16798.81,16635.83,16652.8,27235481,-11.41,-0.07
2023/7/11,16675.69,16898.91,16675.69,16898.91,31984739,246.11,1.48
2023/7/12,16903.25,16962.03,16864.01,16962.03,35392987,63.12,0.37
2023/7/13,16994.59,17223.86,16994.59,17061.4,47119802,99.37,0.59
2023/7/14,17152.81,17287.4,17128.07,17283.71,42924037,222.31,1.3
2023/7/17,17279.11,17346.66,17235.92,17334.29,39472274,50.58,0.29
2023/7/18,17368.36,17401.59,17164.92,17227.91,49364436,-106.38,-0.61
2023/7/19,17265.38,17340.82,17082.54,17116.44,43353329,-111.47,-0.65
2023/7/20,17104.91,17214.41,17098.65,17164.89,32039729,48.45,0.28
2023/7/21,17106.29,17106.29,16859.13,17030.7,43974312,-134.19,-0.78
2023/7/24,17036.79,17098.73,16941.15,17033.61,40998224,2.91,0.02
2023/7/25,17061.88,17270.2,17061.88,17198.89,42939048,165.28,0.97
2023/7/26,17205.47,17247.02,17121.99,17162.55,36950201,-36.34,-0.21
2023/7/27,17189.3,17282.86,17189.3,17241.82,35533104,79.27,0.46
2023/7/28,17244.51,17328.21,17179.94,17292.93,38552185,51.11,0.3
2023/7/31,17341.04,17463.76,17081.48,17145.43,49223050,-147.5,-0.85
2023/8/1,17141.97,17252.32,17095.86,17212.87,38856027,67.44,0.39
2023/8/2,17207.22,17212.55,16844.57,16893.73,45889393,-319.14,-1.85
2023/8/4,16847.24,16887.38,16748.51,16843.68,37441498,-50.05,-0.3
2023/8/7,16870.81,17032.32,16868.74,16996,32809575,152.32,0.9
2023/8/8,17006.46,17043.56,16812.59,16877.07,37924645,-118.93,-0.7
2023/8/9,16836.64,16956.73,16798.5,16870.94,33287540,-6.13,-0.04
2023/8/10,16827.11,16827.11,16601.17,16634.7,35436592,-236.24,-1.4
2023/8/11,16644.65,16766.84,16601.25,16601.25,29556934,-33.45,-0.2
2023/8/14,16585.41,16585.41,16307.28,16393.66,32955162,-207.59,-1.25
2023/8/15,16438.63,16546.01,16437.63,16454.8,29863497,61.14,0.37
2023/8/16,16422.2,16446.78,16304.44,16446.78,33256137,-8.02,-0.05
2023/8/17,16411.63,16550.11,16264.65,16516.66,38649841,69.88,0.42
2023/8/18,16508.46,16583.95,16344.29,16381.31,38656451,-135.35,-0.82
2023/8/21,16414.14,16485.25,16347.77,16381.49,26710450,0.18,0
2023/8/22,16429.69,16535.07,16407.83,16437.61,31021010,56.12,0.34
2023/8/23,16440.39,16588.51,16440.39,16576.9,29421138,139.29,0.85
2023/8/24,16651.03,16822.36,16651.03,16770.87,45116078,193.97,1.17
2023/8/25,16708.53,16708.53,16481.58,16481.58,32794520,-289.29,-1.72
2023/8/28,16498.86,16582.96,16498.86,16509.26,28320133,27.68,0.17
2023/8/29,16528.49,16627.7,16495.76,16623.65,25360834,114.39,0.69
2023/8/30,16666.33,16780.42,16666.33,16719.82,28477189,96.17,0.58
2023/8/31,16707.35,16712.22,16630.67,16634.51,36019472,-85.31,-0.51
2023/9/1,16640.92,16730.13,16619.23,16644.94,28584167,10.43,0.06
2023/9/4,16649.67,16789.69,16648.51,16789.69,23676590,144.75,0.87
2023/9/5,16784.12,16791.61,16727.44,16791.61,25307717,1.92,0.01
2023/9/6,16796.37,16841.19,16732.69,16738.16,27661296,-53.45,-0.32
2023/9/7,16715.45,16715.45,16609.94,16619.14,24260838,-119.02,-0.71
2023/9/8,16609.93,16609.93,16505.64,16576.02,23118921,-43.12,-0.26